{
    "characters": [
      { "name": "Haku", "film": "Le Voyage de Chihiro", "image": "img/haku.jpg" },
      { "name": "Pazu", "film": "Le Château dans le ciel", "image": "img/pazu.jpg" },
      { "name": "Sheeta", "film": "Le Château dans le ciel", "image": "img/lusheeta.jpg" },
      { "name": "Captain Dola", "film": "Le Château dans le ciel", "image": "img/dola.jpg" },
      { "name": "Colonel Muska", "film": "Le Château dans le ciel", "image": "img/romska.jpg" },
      { "name": "Uncle Pom", "film": "Le Château dans le ciel", "image": "img/uncle_pom.jpg" },
      { "name": "General Mouro", "film": "Le Château dans le ciel", "image": "img/general_mouro.jpg" },
      { "name": "Duffi", "film": "Le Château dans le ciel", "image": "img/duffi.webp" },
      { "name": "Louis", "film": "Le Château dans le ciel", "image": "img/louis.jpg" },
      { "name": "Charles", "film": "Le Château dans le ciel", "image": "img/charles.webp" },
      { "name": "Henri", "film": "Le Château dans le ciel", "image": "img/henri.webp" },
      { "name": "Motro", "film": "Le Château dans le ciel", "image": "img/motro.webp" },
      { "name": "Okami", "film": "Le Château dans le ciel", "image": "img/okami.webp" },
      { "name": "Ashitaka", "film": "Princesse Mononoké", "image": "img/ashitaka.jpg" },
      { "name": "San", "film": "Princesse Mononoké", "image": "img/san.jpg" },
      { "name": "Eboshi", "film": "Princesse Mononoké", "image": "img/eboshi.jpg" },
      { "name": "Jigo", "film": "Princesse Mononoké", "image": "img/jigo.jpg" },
      { "name": "Kohroku", "film": "Princesse Mononoké", "image": "img/kohroku.jpg" },
      { "name": "Gonza", "film": "Princesse Mononoké", "image": "img/gonza.jpg" },
      { "name": "Hii-sama", "film": "Princesse Mononoké", "image": "img/hii-sama.jpg" },
      { "name": "Yakul", "film": "Princesse Mononoké", "image": "img/yakul.jpg" },
      { "name": "Shishigami", "film": "Princesse Mononoké", "image": "img/shishigami.jpg" },
      { "name": "Moro", "film": "Princesse Mononoké", "image": "img/moro.jpg" },
      { "name": "Jiji", "film": "Kiki la petite sorcière", "image": "img/jiji.jpg" },
      { "name": "Satsuki Kusakabe", "film": "Mon voisin Totoro", "image": "img/satsuki.jpg" },
      { "name": "Mei Kusakabe", "film": "Mon voisin Totoro", "image": "img/mei.jpg" },
      { "name": "Tatsuo Kusakabe", "film": "Mon voisin Totoro", "image": "img/tatsuo.jpg" },
      { "name": "Yasuko Kusakabe", "film": "Mon voisin Totoro", "image": "img/yasuko.jpg" },
      { "name": "Granny", "film": "Mon voisin Totoro", "image": "img/granny.jpg" },
      { "name": "Kanta Ōgaki", "film": "Mon voisin Totoro", "image": "img/kanta.jpg" },
      { "name": "Totoro", "film": "Mon voisin Totoro", "image": "img/totoro.jpg" },
      { "name": "Chu Totoro", "film": "Mon voisin Totoro", "image": "img/chu_totoro.jpg" },
      { "name": "Chibi Totoro", "film": "Mon voisin Totoro", "image": "img/chibi_totoro.jpg" },
      { "name": "Catbus", "film": "Mon voisin Totoro", "image": "img/catbus.jpg" },
      { "name": "Niya", "film": "Arrietty", "image": "img/niya.jpg" },
      { "name": "Porco Rosso", "film": "Porco Rosso", "image": "img/porco.jpg" },
      { "name": "Sosuke", "film": "Ponyo sur la falaise", "image": "img/sosuke.jpg" },
      { "name": "Kiki", "film": "Kiki la petite sorcière", "image": "img/kiki.jpg" },
      { "name": "Laputian Robot", "film": "Le Château dans le ciel", "image": "img/robot.jpg" },
      { "name": "Chihiro Ogino", "film": "Le Voyage de Chihiro", "image": "img/chihiro.png" },
      { "name": "Osono", "film": "Kiki la petite sorcière", "image": "img/osono.jpg" },
      { "name": "Ursula", "film": "Kiki la petite sorcière", "image": "img/ursula.jpg" },
      { "name": "Tombo", "film": "Kiki la petite sorcière", "image": "img/tombo.jpg" },
      { "name": "Madame", "film": "Kiki la petite sorcière", "image": "img/madame.jpg" },
      { "name": "Nausicaä", "film": "Nausicaä de la Vallée du Vent", "image": "img/nausicaa.jpg" },
      { "name": "Lord Yupa", "film": "Nausicaä de la Vallée du Vent", "image": "img/yupa.jpg" },
      { "name": "Kushana", "film": "Nausicaä de la Vallée du Vent", "image": "img/kushana.jpg" },
      { "name": "Kurotowa", "film": "Nausicaä de la Vallée du Vent", "image": "img/kurotowa.jpg" },
      { "name": "Asbel", "film": "Nausicaä de la Vallée du Vent", "image": "img/asbel.jpg" },
      { "name": "Mito", "film": "Nausicaä de la Vallée du Vent", "image": "img/mito.jpg" },
      { "name": "Ohmu", "film": "Nausicaä de la Vallée du Vent", "image": "img/ohmu.jpg" }
    ]
  }